name,real.town.name
ABINGTON,POMFRET
ADDISON,GLASTONBURY
ALLENTOWN,PLYMOUTH
ALLINGTOWN,WEST HAVEN
ALMYVILLE,PLAINFIELD
AMENIA UNION,SHARON
AMESVILLE,SALISBURY
AMITY,NEW HAVEN
AMSTON,HEBRON
ANDOVER,ANDOVER
ANSONIA,ANSONIA
AQUA VISTA,DANBURY
ARNOLDS,HADDAM
ASHFORD,ASHFORD
ASPETUCK,EASTON
ATTAWAN BEACH,EAST LYME
ATTAWAUGAN,KILLINGLY
ATWOODVILLE,MANSFIELD
AUGERVILLE,HAMDEN
AVON,AVON
BACCUS CORNER,NORWICH
BAILEYVILLE,MIDDLEFIELD
BAKERSVILLE,NEW HARTFORD
BALL POND,NEW FAIRFIELD
BALLOUVILLE,KILLINGLY
BALTIC,SPRAGUE
BANFORD,BRANFORD
BANKSVILLE,GREENWICH
BANTAM,LITCHFIELD
BARKHAMSTED,BARKHAMSTED
BARNUM,BRIDGEPORT
BARRY SQUARE,HARTFORD
BASHAN,EAST HADDAM
BAYVIEW,MILFORD
BEACON FALLS,BEACON FALLS
BEARDSLEY,BRIDGEPORT
BEAVERBROOK,DANBURY
BECKETTVILLE,DANBURY
BEDLAM CORNER,MANSFIELD
BELDEN,NORWALK
BELLE HAVEN,GREENWICH
BELLTOWN,STAMFORD
BERKSHIRE,NEWTOWN
BERKSHIRE ESTATES,SOUTHBURY
BERLIN,BERLIN
BESECK LAKE,MIDDLEFIELD
BETHANY,BETHANY
BETHEL,BETHEL
BETHEL HILL,BETHEL
BETHELHEM,BETHLEHEM
BETHLEHEM,BETHLEHEM
BIGELOW CORNERS,NEW FAIRFIELD
BILL HILL,LYME
BIRCH GROVES,NEW MILFORD
BIRCHWOOD,WINDSOR
BISELI,SOUTH WINDSOR
BISHOP'S CORNER,SOUTHINGTON
BISHOPS CORNER,SOUTHINGTON
BLACK HALL,OLD LYME
BLACK POINT,EAST LYME
BLACK POINT BEACH CLUB,EAST LYME
BLACK ROCK,BRIDGEPORT
BLOOMFIELD,BLOOMFIELD
BLUE HILLS,BLOOMFIELD
BOARDMAN BRIDGE,NEW MILFORD
BOLTON,BOLTON
BOLTON NOTCH,BOLTON
BOTSFORD,NEWTOWN
BOZRAH,BOZRAH
BRADLEYVILLE,MIDDLEBURY
BRANCHVILLE,RIDGEFIELD
BRANFORD,BRANFORD
BRETTON HEIGHTS,MIDDLETOWN
BRIDEGPORT,BRIDGEPORT
BRIDGEORT,BRIDGEPORT
BRIDGEPORT,BRIDGEPORT
BRIDGEWATER,BRIDGEWATER
BRIGEPORT,BRIDGEPORT
BRIGHTVIEW,NEW HAVEN
BRISTOL,BRISTOL
BRITAIN,NEW BRITAIN
BROAD BROOK,EAST WINDSOR
BROADBROOK,EAST WINDSOR
BROCKWAY LANDING,LYME
BROOKFIELD,BROOKFIELD
BROOKFIELD CENTER,BROOKFIELD
BROOKLUN,BROOKLYN
BROOKLYN,BROOKLYN
BROOKSVALE,CHESHIRE
BUCKINGHAM,GLASTONBURY
BUCKLAND,MANCHESTER
BULLS BRIDGE,KENT
BUNKER HILL,WATERBURY
BURLINGTON,BURLINGTON
BURNETT CORNERS,GROTON
BURNHAM,SOUTH WINDSOR
BURNSIDE,EAST HARTFORD
BURNT HILL,WATERBURY
BURRVILLE,TORRINGTON
BYRAM,GREENWICH
CALHOUN CORNERS,CORNWALL
CAMPBELL'S MILLS,VOLUNTOWN
CAMPVILLE,HARWINTON
CANAAN,CANAAN
CANAAN VALLEY,NORTH CANAAN
CANDLEWOOD ISLE,NEW FAIRFIELD
CANDLEWOOD KNOLLS,NEW FAIRFIELD
CANDLEWOOD LAKE CLUB,NEW MILFORD
CANDLEWOOD ORCHARDS,BROOKFIELD
CANDLEWOOD PINES,DANBURY
CANDLEWOOD SHORES,NEW FAIRFIELD
CANNONDALE,WILTON
CANTERBURY,CANTERBURY
CANTON,CANTON
CANTON CENTER,CANTON
CATERBURY,CANTERBURY
CAUTERBURY,CANTERBURY
CAWTON CENTER,CANTON
CEDAR BEACH,MILFORD
CEDAR HEIGHTS,DANBURY
CEDAR LAND,SOUTHBURY
CEDARHURST,NEWTOWN
CENTER GROTON,GROTON
CENTERBROOK,ESSEX
CENTERHILL,BARKHAMSTED
CENTERVILLE,HAMDEN
CENTRAL,HARTFORD
CENTRAL MANCHESTER,MANCHESTER
CENTRAL VILLAGE,PLAINFIELD
CENTRAL VILLIAGE,PLAINFIELD
CENTRAL VLG,PLAINFIELD
CHAFFEEVILLE,MANSFIELD
CHAPLIN,CHAPLIN
CHERRY BROOK,CANTON
CHESHIE,CHESHIRE
CHESHIRE,CHESHIRE
CHESHIRE HEIGHTS,CHESHIRE
CHESHIREDALY,CHESHIRE
CHESTER,CHESTER
CHESTERFIELD,MONTVILLE
CHESTNUT HILL,OLD LYME
CHICKAHOMINY,GREENWICH
CITY OF GROTON,GROTON
CITY POINT,NEW HAVEN
CLARKS CORNER,HAMPTON
CLARKS FALLS,NORTH STONINGTON
CLARKS VILLAGE,STONINGTON
CLINTON,CLINTON
CLINTON BEACH,CLINTON
CLINTONVILLE,NORTH HAVEN
COAST GUARD ACAD,NEW LONDON
COBALT,EAST HAMPTON
COLCHESTER,COLCHESTER
COLEBROOK,COLEBROOK
COLLINSVILLE,CANTON
COLUMBIA,COLUMBIA
COMPO,WESTPORT
COMSTOCK BRIDGE,COLCHESTER
CONANTVILLE,MANSFIELD
CONN COLLEGE,NEW LONDON
CORNFIELD POINT,OLD SAYBROOK
CORNWALL,CORNWALL
CORNWALL BRG,CORNWALL
CORNWALL BRIDGE,CORNWALL
CORNWALL CENTER,CORNWALL
CORNWALL HOLLOW,CORNWALL
COS COB,GREENWICH
COTTAGE GROVE,BLOOMFIELD
COVENTRY,COVENTRY
CRANBURY,NORWALK
CRESCENT BEACH,EAST LYME
CRESCENT PARK,EAST LYME
CROMWELL,CROMWELL
CRYSTAL LAKE,ELLINGTON
DANBURY,DANBURY
DANIELSON,KILLINGLY
DARIEN,DARIEN
DARLIN,DARIEN
DAYVILLE,KILLINGLY
DEEP RIVER,DEEP RIVER
DEERFIELD,WINDSOR
DERBY,DERBY
DEVON,MILFORD
DILTON,WILTON
DOANEVILLE,GRISWOLD
DOBSONVILLE,VERNON
DODGINGTOWN,NEWTOWN
DOLPHIN COVE,STAMFORD
DORWALK,NORWALK
DOUBLE BEACH,BRANFORD
DRAKEVILLE,TORRINGTON
DURHAM,DURHAM
DURHAM CENTER,DURHAM
E GLASTONBURY,GLASTONBURY
E GRANBY,EAST GRANBY
E HADDAM,EAST HADDAM
E HAMPTON,EAST HAMPTON
E HARTFORD,EAST HARTFORD
E HARTLAND,HARTLAND
E HAVEN,EAST HAVEN
E KILLINGLY,KILLINGLY
E LYME,LYME
E WINDSOR,EAST WINDSOR
E WINDSOR HL,EAST WINDSOR
E WOODSTOCK,WOODSTOCK
E. GLASTONBURY,GLASTONBURY
E. GRANBY,EAST GRANBY
E. HADDAM,EAST HADDAM
E. HAMPTON,EAST HAMPTON
E. HARTFORD,EAST HARTFORD
E. HARTLAND,HARTLAND
E. WINDSOR,EAST WINDSOR
EAGLEVILLE,MANSFIELD
EAST BERLIN,BERLIN
EAST BRIDGEPORT,BRIDGEPORT
EAST BRISTOL,BRISTOL
EAST BROOKLYN,BROOKLYN
EAST CANAAN,NORTH CANAAN
EAST CORNWALL,CORNWALL
EAST DERBY,DERBY
EAST END,WATERBURY
EAST FARMINGTON HEIGHTS,WEST HARTFORD
EAST FARMS,WATERBURY
EAST GLASTONBURY,GLASTONBURY
EAST GRANBY,EAST GRANBY
EAST HADDAM,EAST HADDAM
EAST HAMPTON,EAST HAMPTON
EAST HARFORD,EAST HARTFORD
EAST HARTFORD,EAST HARTFORD
EAST HARTFORD GARDENS,EAST HARTFORD
EAST HARTLAND,HARTLAND
EAST HAVEN,EAST HAVEN
EAST KILLINGLY,KILLINGLY
EAST LYME,EAST LYME
EAST MORRIS,MORRIS
EAST MOUNTAIN,WATERBURY
EAST NEW LONDON,NEW LONDON
EAST NORWALK,NORWALK
EAST PLYMOUTH,PLYMOUTH
EAST PUTNAM,PUTNAM
EAST RIVER,MADISON
EAST SUFFIELD,SUFFIELD
EAST THOMPSON,THOMPSON
EAST VILLAGE,MONROE
EAST WALLINGFORD,WALLINGFORD
EAST WILLINGTON,WILLINGTON
EAST WINDSOR,EAST WINDSOR
EAST WINDSOR HILL,SOUTH WINDSOR
EAST WOODSTOCK,WOODSTOCK
EASTFORD,EASTFORD
EASTHAMPTON,EAST HAMPTON
EASTON,EASTON
EBBS CORNER,SUFFIELD
EDGEWOOD,BRISTOL
EETHEL,BETHEL
EKONK,STERLING
ELASTONBURG,GLASTONBURY
ELLINGTON,ELLINGTON
ELLIOTT,POMFRET
ELLITHORPE,STAFFORD
ELLSWORTH,SHARON
ELMVILLE,KILLINGLY
ELMWOOD,WEST HARTFORD
ENFIELD,ENFIELD
ESSEX,ESSEX
EST HARTFORD,EAST HARTFORD
EXETER,LEBANON
FABYAN,THOMPSON
FAIR HAVEN,NEW HAVEN
FAIR HAVEN EAST,NEW HAVEN
FAIR LAWN,WATERBURY
FAIRFIEDL,FAIRFIELD
FAIRFIELD,FAIRFIELD
FAIRMOUNT,WATERBURY
FALLS VILLAGE,CANAAN
FARMINGTON,FARMINGTON
FARMINGTON STATION,FARMINGTON
FENWICK,OLD SAYBROOK
FENWOOD,OLD SAYBROOK
FIRETOWN,SIMSBURY
FITCHVILLE,BOZRAH
FIVE POINTS,REDDING
FLANDERS,EAST LYME
FLANDERS VILLAGE,EAST LYME
FOGELMARKS CORNERS,PORTLAND
FORBES VILLAGE,EAST HARTFORD
FOREST HEIGHTS,MILFORD
FOREST VILLAGE,EAST HARTFORD
FORESTVILLE,BRISTOL
FORRESTVILLE,BRISTOL
FORT HILL,GROTON
FORT TRUMBULL,MILFORD
FOUR CORNERS,MONTVILLE
FOXON,EAST HAVEN
FRANKLIN,FRANKLIN
GALES FERRY,LEDYARD
GALSTONBURY,GLASTONBURY
GALYES FERRY,LEDYARD
GARDNER LAKE,BOZRAH
GAYESVILLE,WALLINGFORD
GAYLORDSVILLE,NEW MILFORD
GEORGETOWN,WILTON
GEORGETWON,WESTON
GERMANTOWN,DANBURY
GIANTS NECK,EAST LYME
GILBERT CORNERS,WILTON
GILDERSLEEVE,PORTLAND
GILEAD,HEBRON
GILMAN,BOZRAH
GLASGO,GRISWOLD
GLASTONBURY,GLASTONBURY
GLEN RIDGE,NAUGATUCK
GLENBROOK,STAMFORD
GLENVILLE,GREENWICH
GOLDEN SPUR,EAST LYME
GOODRICH HEIGHTS,CROMWELL
GOODRICHVILLE,GRANBY
GOODYEAR,KILLINGLY
GOSHEN,GOSHEN
GOSHEN CENTER,GOSHEN
GOSHEN HILL,LEBANON
GRAMLY,GRANBY
GRANBROOK PARK,EAST GRANBY
GRANBY,GRANBY
GRANITEVILLE,WATERFORD
GRASEMERE STATION,FAIRFIELD
GRASSY PLAIN,BETHEL
GREENFIELD,FAIRFIELD
GREENFIELD HILL,FAIRFIELD
GREENS FARMS,WESTPORT
GREENVILLE,NORWICH
GREENWICH,GREENWICH
GRENICH,GREENWICH
GREYSTONE,PLYMOUTH
GRISONWICH,GREENWICH
GRISWOLD,GRISWOLD
GRISWOLDVILLE,WETHERSFIELD
GROSVENOR DALE,THOMPSON
GROTON,GROTON
GROTON CITY,GROTON
GROTON CITY OF,GROTON
GROTON HEIGHTS,GROTON
GROTON LONG POINT,GROTON
GROVE BEACH,WESTBROOK
GROVER HILL,BRIDGEPORT
GUILFORD,GUILFORD
GURLEYVILLE,MANSFIELD
HADDAM,HADDAM
HADDAM NECK,HADDAM
HADLYME,EAST LYME
HALE COURT,WESTPORT
HALLVILLE,WILLINGTON
HAMBURG,LYME
HAMDEN,HAMDEN
HAMMERTOWN,SALISBURY
HAMMONASSET PT.,MADISON
HAMPTON,HAMPTON
HANCOCK,PLYMOUTH
HANKS HILL,MANSFIELD
HANOVER,SPRAGUE
HARBOR VIEW,CLINTON
HARBORVIEW,NORWALK
HARFFORD,HARTFORD
HARFORD,HARTFORD
HARRISVILLE,WOODSTOCK
HARTFOORD,HARTFORD
HARTFORD,HARTFORD
HARTLAND,HARTLAND
HARTSFORD,HARTFORD
HARWINGTON,HARWINTON
HARWINTON,HARWINTON
HATTERTOWN,NEWTOWN
HAWKS NEST BEACH,OLD LYME
HAWLEYVILLE,NEWTOWN
HAWTHORNE TERRACE,DANBURY
HAYDEN'S,WINDSOR
HAYESTOWN,DANBURY
HAZARDVILLE,ENFIELD
HEBRON,HEBRON
HIGGANUM,HADDAM
HIGH RIDGE,STAMFORD
HIGHLAND,MIDDLETOWN
HIGHLAND PARK,MANCHESTER
HIGHWOOD,HAMDEN
HILLCREST,MIDDLEBURY
HILLSIDE,BRIDGEPORT
HILLSTOWN,EAST HARTFORD
HOADLEY NECK,GUILFORD
HOCKANUM,EAST HARTFORD
HOLLAND,TOLLAND
HOLLYWYLE PARK,NEW FAIRFIELD
HONEYPOT GLEN,CHESHIRE
HOP RIVER,COLUMBIA
HOPEVILLE,WATERBURY
HOPEWELL,GLASTONBURY
HORSE HEAVEN,WASHINGTON
HOSKINS,SIMSBURY
HOTCHKISS SCHOOL,SALISBURY
HOTCHKISSVILLE,WOODBURY
HOWARD VALLEY,HAMPTON
HUNTING RIDGE,STAMFORD
HUNTINGTON,SHELTON
HUNTSVILLE,CANAAN
HYDEVILLE,STAFFORD
INDIAN NECK,BRANFORD
IVES CORNER,CHESHIRE
IVORY,ESSEX
IVORYTON,ESSEX
JEWETT CITY,GRISWOLD
JORDAN,WATERFORD
JORDAN VILLAGE,WATERFORD
JOYCEVILLE,SALISBURY
JUDD'S BRIDGE,ROXBURY
KELSEYTOWN,CLINTON
KENSINGTON,BERLIN
KENT,KENT
KENT FURNACE,KENT
KENYONVILLE,WOODSTOCK
KILLINGLY,KILLINGLY
KILLINGLY CENTER,KILLINGLY
KILLINGWORTH,KILLINGWORTH
KINGS CORNER,ENFIELD
KITTEMAUG,MONTVILLE
KNOLLCREST,NEW FAIRFIELD
KNOLLWOOD,OLD SAYBROOK
LADYARD,LEDYARD
LAKE VIEW TERRACE,STAFFORD
LAKESIDE,MORRIS
LAKEVILLE,SALISBURY
LAKEWOOD,WATERBURY
LANESVILLE,NEW MILFORD
LAUREL BEACH,MILFORD
LAUREL GLEN,NORTH STONINGTON
LAUREL HILL,NORWICH
LAYSVILLE,OLD LYME
LEBANON,LEBANON
LEDYARD,LEDYARD
LEESVILLE,EAST HADDAM
LEETE'S ISLAND,GUILFORD
LEETES ISLAND,GUILFORD
LEONARD BRIDGE,LEBANON
LIBERTY HILL,LEBANON
LIME ROCK,SALISBURY
LISBON,LISBON
LITCHFIELD,LITCHFIELD
LITTLE CITY,HADDAM
LITTLE HADDAM,EAST HADDAM
LONG HILL,TRUMBULL
LONG NECK,DARIEN
LONG RIDGE,STAMFORD
LONG SOCIETY,PRESTON
LORDS POINT,STONINGTON
LORDSHIP,STRATFORD
LOWER CITY,CANAAN
LOWER MERRYALL,NEW MILFORD
LYDALLVILLE,MANCHESTER
LYME,LYME
LYME ROCK,LITCHFIELD
LYME STATION,OLD LYME
LYONS PLAIN,WESTON
LYONS PLAINS,WESTON
MACEDONIA,KENT
MADISON,MADISON
MANCHESTER,MANCHESTER
MANCHESTER GREEN,MANCHESTER
MANITOCK SPRING,WATERFORD
MANSFIELD,MANSFIELD
MANSFIELD CENTER,MANSFIELD
MANSFIELD CTR,MANSFIELD
MANSFIELD DEPOT,MANSFIELD
MANSFIELD FOUR CORNERS,MANSFIELD
MANSFIELD FOUR CORNERS.,MANSFIELD
MANSFIELD HOLLOW,MANSFIELD
MARBLE DALE,WASHINGTON
MARBLEDALE,WASHINGTON
MARGERIE MANOR,DANBURY
MARION,SOUTHINGTON
MARLBOROUGH,MARLBOROUGH
MARNE AVENUE,FAIRFIELD
MASHANTUCKET,LEDYARD
MASHAPAUG,UNION
MASSAPEAG,MONTVILLE
MAYBERRY VILLAGE,EAST HARTFORD
MCCLAVEVILLE,COLEBROOK
MECHANICSVILLE,THOMPSON
MEDFORD,MILFORD
MELROSE,EAST WINDSOR
MELVILLE,BRIDGEPORT
MELVILLE VILLAGE,FAIRFIELD
MERIDEN,MERIDEN
MERROW,MANSFIELD
MERWINSVILLE,NEW MILFORD
MIANUS,GREENWICH
MIDDLE BEACH,MADISON
MIDDLE HADDAM,EAST HAMPTON
MIDDLEBURY,MIDDLEBURY
MIDDLEFIELD,MIDDLEFIELD
MIDDLEFIELD CENTER,MIDDLEFIELD
MIDDLETOWN,MIDDLETOWN
MILBROOK,GREENWICH
MILDFORD,MILFORD
MILFORD,MILFORD
MILFORD COURT,MILFORD
MILFORD LAWNS,MILFORD
MILL HILL,BRIDGEPORT
MILL PLAIN,DANBURY
MILLBROOK,NORTH HAVEN
MILLDALE,SOUTHINGTON
MILLINGTON,EAST HADDAM
MILLSTONE,WATERFORD
MILLVILLE,NAUGATUCK
MILTON,LITCHFIELD
MINORTOWN,WOODBURY
MIXVILLE,CHESHIRE
MOHEGAN,MONTVILLE
MOMAUGUIN,EAST HAVEN
MONROE,MONROE
MONTOWESE,NORTH HAVEN
MONTVILLE,MONTVILLE
MONTVILLE (UNCASVILLE),MONTVILLE
MONTVILLE CENTER,MONTVILLE
MOODAS,EAST HADDAM
MOODUS,EAST HADDAM
MOOSE MEADOW,WILLINGTON
MOOSUP,PLAINFIELD
MORNINGSIDE,MILFORD
MORNINGSIDE PARK,WATERFORD
MORRIS,MORRIS
MORRIS COVE,NEW HAVEN
MOUNT CARMEL,HAMDEN
MOUNT HOPE,MANSFIELD
MOUNT PARNASSUS,EAST HADDAM
MRIDEN,MERIDEN
MSYTIC,STONINGTON
MT CARMEL,HAMDEN
MYRTLE BEACH,MILFORD
MYSTIC,STONINGTON
N BRANFORD,NORTH BRANFORD
N FRANKLIN,FRANKLIN
N GRANBY,GRANBY
N GROSVENOR DALE,THOMPSON
N GROSVENORDL,THOMPSON
N HAVEN,NEW HAVEN
N STONINGTON,NORTH STONINGTON
N. BRANFORD,NORTH BRANFORD
N. GRANBY,GRANBY
N. GROSVENOR DALE,THOMPSON
N. STONINGTON,NORTH STONINGTON
N. THOMPSONVILLE,ENFIELD
NAUGATUCK,NAUGATUCK
NAUGATUCK GARDENS,MILFORD
NAUGUTUCK,NAUGATUCK
NE HAVEN,NEW HAVEN
NE WLONDON,NEW LONDON
NEPAUG,NEW HARTFORD
NEW BRIT,NEW BRITAIN
NEW BRITAIN,NEW BRITAIN
NEW BRITIAN,NEW BRITAIN
NEW CANAAN,NEW CANAAN
NEW CANNAN,NEW CANAAN
NEW FAIRFIELD,NEW FAIRFIELD
NEW HARTFORD,NEW HARTFORD
NEW HAVEN,NEW HAVEN
NEW LONDON,NEW LONDON
NEW LONDON COUNTY,NEW LONDON
NEW MILFORD,NEW MILFORD
NEW PRESTON,WASHINGTON
NEW PRESTON MARBLE,WASHINGTON
NEW PRESTON MARBLE DALE,WASHINGTON
NEW PRESTON-MARBLE DALE,WASHINGTON
NEWBERRY CORNER,TORRINGTON
NEWENT,LISBON
NEWFIELD,STAMFORD
NEWHAVEN,NEW HAVEN
NEWINGTON,NEWINGTON
NEWINGTON JUNCTION,NEWINGTON
NEWTON,NEWTOWN
NEWTOWN,NEWTOWN
NIANIC,EAST LYME
NICHOLS,TRUMBULL
NINEVEH FALLS,KILLINGWORTH
NO BRANFORD,NORTH BRANFORD
NO CANAAN,CANAAN
NO HAVEN,NORTH HAVEN
NOANK,GROTON
NOBLE,BRIDGEPORT
NORFOLD,NORFOLK
NORFOLK,NORFOLK
NOROTON,DARIEN
NOROTON HEIGHTS,DARIEN
NORTH ASHFORD,EASTFORD
NORTH BLOOMFIELD,BLOOMFIELD
NORTH BRANFORD,NORTH BRANFORD
NORTH CANAAN,NORTH CANAAN
NORTH CANTON,CANTON
NORTH COLEBROOK,COLEBROOK
NORTH COVENTRY,COVENTRY
NORTH CROMWELL,CROMWELL
NORTH END,WATERBURY
NORTH FRANKLIN,FRANKLIN
NORTH GRANBY,GRANBY
NORTH GREENWICH,GREENWICH
NORTH GROSVENOR DALE,THOMPSON
NORTH GROSVENORDALE,THOMPSON
NORTH GUILFORD,GUILFORD
NORTH HAVEN,NORTH HAVEN
NORTH KENT,KENT
NORTH LYME,LYME
NORTH MADISON,MADISON
NORTH MIANUS,GREENWICH
NORTH NORFOLK,NORFOLK
NORTH PLAIN,EAST HADDAM
NORTH SOMERS,SOMERS
NORTH STAMFORD,STAMFORD
NORTH STERLING,STERLING
NORTH STONEGATE,NORTH STONINGTON
NORTH STONINGTON,NORTH STONINGTON
NORTH STRANINGTON,NORTH STONINGTON
NORTH THOMPSONVILLE,ENFIELD
NORTH WESTCHESTER,COLCHESTER
NORTH WILTON,WILTON
NORTH WINDHAM,WINDHAM
NORTH WOODBURY,WOODBURY
NORTH WOODSTOCK,WOODSTOCK
NORTHFIELD,LITCHFIELD
NORTHFORD,NORTH BRANFORD
NORTHVILLE,NEW MILFORD
NORWALK,NORWALK
NORWICH,NORWICH
NORWICHTOWN,NORWICH
NOWALK,NORWALK
NUT PLAINS,GUILFORD
OAKDALE,MONTVILLE
OAKDALE MANOR,SOUTHBURY
OAKLAND,MANCHESTER
OAKLAND GARDENS,FARMINGTON
OAKVILLE,WATERTOWN
OBTUSE HILL,BROOKFIELD
OCCUM,NORWICH
OCEAN BEACH,NEW LONDON
OLD G'WCH,GREENWICH
OLD GREENWICH,GREENWICH
OLD LYME,OLD LYME
OLD LYME SHORES,OLD LYME
OLD LYNE,OLD LYME
OLD MYSTIC,STONINGTON
OLD SAYBROOK,OLD SAYBROOK
ONECO,STERLING
ORANGE,ORANGE
ORANGE CT,ORANGE
ORCUTTS,STAFFORD
ORCUTTSVILLE,STAFFORD
ORE HILL,SALISBURY
ORONOKE,MIDDLEBURY
ORONOQUE,STRATFORD
OSWEGATCHIE,WATERFORD
OTTER COVE ESTATES,OLD SAYBROOK
OVERLOOK,WATERBURY
OWENOKE,WESTPORT
OX HILL,TRUMBULL
OXFORD,OXFORD
PACHAUG,GRISWOLD
PACKERVILLE,CANTERBURY
PALMERS HILL,STAMFORD
PALMERTOWN,MONTVILLE
PARK LANE,NEW MILFORD
PAWCATUCK,STONINGTON
PAYNES CORNERS,WOODBRIDGE
PEMBERWICK,GREENWICH
PEQUABUCK,PLYMOUTH
PERKINS CORNER,MANSFIELD
PHOENIXVILLE,EASTFORD
PINE BRIDGE,BEACON FALLS
PINE GROVE,EAST LYME
PINE MEADOW,NEW HARTFORD
PINE ORCHARD,BRANFORD
PINE ROCK PARK,SHELTON
PINES BRIDGE,BEACON FALLS
PINNEYS CORNERS,NEW CANAAN
PLAINFIELD,PLAINFIELD
PLAINSVILLE,PLAINVILLE
PLAINVILLE,PLAINVILLE
PLANTSVILLE,SOUTHINGTON
PLATTS MILLS,WATERBURY
PLATTSVILLE,FAIRFIELD
PLEASANT ACRES,DANBURY
PLEASANT VALLEY,BARKHAMSTED
PLEASANT VLY,BARKHAMSTED
PLEASURE BEACH,WATERFORD
PLYMOUTH,PLYMOUTH
POCOTOPAUG LAKE,EAST HAMPTON
POINT O'WOODS,OLD LYME
POMFRET,POMFRET
POMFRET CENTER,POMFRET
POMFRET CTR,POMFRET
POMFRET LANDING,POMFRET
POMPERAUG,WOODBURY
POND MEADOW,WESTBROOK
PONSET,HADDAM
PONUS,NEW CANAAN
POOTATUCK PARK,NEWTOWN
POQUETANUCK,PRESTON
POQUONOCK,WINDSOR
POQUONOCK BRIDGE,GROTON
PORTLAND,PORTLAND
PRATTS CORNER,SOUTHINGTON
PRESTON,PRESTON
PRESTON CITY,PRESTON
PROSPECT,PROSPECT
PUTNAM,PUTNAM
PUTNAM HEIGHTS,PUTNAM
PUTNUM,PUTNAM
QUADDICK,THOMPSON
QUAKER FARMS,OXFORD
QUAKER HILL,WATERFORD
QUARRYVILLE,TOLLAND
QUEBEC,BROOKLYN
QUINEBAUG,THOMPSON
QUINNIPIAC,HAMDEN
RAINBOW,WINDSOR
REDDING,REDDING
REDDING CTR,REDDING
REDDING RIDGE,REDDING
REEDS GAP,DURHAM
REYNOLDS BRIDGE,THOMASTON
RICHARDS CORNER,CHESHIRE
RIDGEBURY,RIDGEFIELD
RIDGEFIELD,RIDGEFIELD
RIDGEWAY,STAMFORD
RIDGEWOOD,CLINTON
RISING CORNER,SUFFIELD
RIVER BANK,STAMFORD
RIVER GLEN,FARMINGTON
RIVERCLIFF,MILFORD
RIVERSIDE,GREENWICH
RIVERSVILLE,GREENWICH
RIVERTON,BARKHAMSTED
ROBERTSVILLE,COLEBROOK
ROCK RAYMOND,TRUMBULL
ROCK RIDGE,GREENWICH
ROCKDALE,ROCKY HILL
ROCKFALL,MIDDLEFIELD
ROCKLAND,MADISON
ROCKVILLE,VERNON
ROCKY GLEN,NEWTOWN
ROCKY HILL,ROCKY HILL
ROCKY MILL,ROCKY HILL
ROGERS,KILLINGLY
ROMFORD,WASHINGTON
ROSELAND PARK,WOODSTOCK
ROTON POINT,NORWALK
ROUND HILL,GREENWICH
ROWAYTON,NORWALK
ROXBURY,ROXBURY
ROXBURY FALLS,ROXBURY
ROXBURY STATION,BRIDGEWATER
RUSSIAN VILLAGE,SOUTHBURY
S GLASTONBURY,GLASTONBURY
S KENT,KENT
S NORWALK,NORWALK
S WINDSOR,SOUTH WINDSOR
S WOODSTOCK,WOODSTOCK
S. GLASTONBURY,GLASTONBURY
S. WINDSOR,SOUTH WINDSOR
S. WOODSTOCK,WOODSTOCK
SACHEM HEAD,GUILFORD
SADDS MILLS,EAST WINDSOR
SALEM,SALEM
SALEM FOUR CORNERS.,SALEM
SALISBURY,SALISBURY
SAMP MORTAR,FAIRFIELD
SANDY BEACH,MORRIS
SANDY HOOK,NEWTOWN
SANDY POINT,WATERFORD
SAOUTHBURY,SOUTHBURY
SAUGATUCK,WESTPORT
SAUGATUCK SHORES,WESTPORT
SAUNDERS POINT,EAST LYME
SAVIN ROCK,WEST HAVEN
SAYBROOK MANOR,OLD SAYBROOK
SAYBROOK POINT,OLD SAYBROOK
SCANTIC,EAST WINDSOR
SCITICO,ENFIELD
SCOTLAND,SCOTLAND
SEA BLUFF,WEST HAVEN
SEASIDE,WATERFORD
SEAVIEW BEACH,MADISON
SEYMORE,SEYMOUR
SEYMOUR,SEYMOUR
SHADY REST,NEWTOWN
SHAILERVILLE,HADDAM
SHARON,SHARON
SHARON VALLEY,SHARON
SHELTON,SHELTON
SHERMAN,SHERMAN
SHERMAN CORNER,CHAPLIN
SHEWVILLE,PRESTON
SHIPPAN POINT,STAMFORD
SHORT BEACH,BRANFORD
SILVER BEACH,MILFORD
SILVERMINE,NORWALK
SIMSBURY,SIMSBURY
SNUG HARBOR,DANBURY
SODOM,NORTH CANAAN
SOMERS,SOMERS
SOMERSVILLE,SOMERS
SOUND BEACH,GREENWICH
SOUND VIEW,OLD LYME
SOUTH BRITAIN,SOUTHBURY
SOUTH CANAAN,CANAAN
SOUTH CHAPLIN,CHAPLIN
SOUTH END,STAMFORD
SOUTH FARMS,MIDDLETOWN
SOUTH GLASTONBURY,GLASTONBURY
SOUTH KENT,KENT
SOUTH KILLINGLY,KILLINGLY
SOUTH LYME,OLD LYME
SOUTH MERIDEN,MERIDEN
SOUTH NORFOLK,NORFOLK
SOUTH NORWALK,NORWALK
SOUTH WETHERSFIELD,WETHERSFIELD
SOUTH WILLINGTON,WILLINGTON
SOUTH WILTON,WILTON
SOUTH WINDHAM,WINDHAM
SOUTH WINDSOR,SOUTH WINDSOR
SOUTH WOODSTOCK,WOODSTOCK
SOUTHBURY,SOUTHBURY
SOUTHFORD,SOUTHBURY
SOUTHINGTON,SOUTHINGTON
SOUTHPORT,FAIRFIELD
SPRAGUE,SPRAGUE
SPRING GLEN,HAMDEN
SPRING HILL,MANSFIELD
SPRINGDALE,STAMFORD
ST HARTFRD,HARTFORD
STAFFORD,STAFFORD
STAFFORD SPGS,STAFFORD
STAFFORD SPRING,STAFFORD
STAFFORD SPRINGS,STAFFORD
STAFFORDVILLE,STAFFORD
STAMFORD,STAMFORD
STANFORD,STAMFORD
STANWICH,GREENWICH
STEPNEY,MONROE
STERLING,STERLING
STERLING HILL,STERLING
STETSON CORNER,BROOKLYN
STEVENSON,MONROE
STILL RIVER,NEW MILFORD
STILLMANS CORNER,SOUTHINGTON
STMAFORD,STAMFORD
STONINGTON,STONINGTON
STONY CREEK,BRANFORD
STORRIS,MANSFIELD
STORRS,MANSFIELD
STORRS MANFLD,MANSFIELD
STORRS MANSFIELD,MANSFIELD
STORRS-MANSFIELD,MANSFIELD
STORRS/MANSFIELD,MANSFIELD
STRAITSVILLE,NAUGATUCK
STRATFIELD,FAIRFIELD
STRATFORD,STRATFORD
STRLING,STERLING
SUBMARINE BASE,GROTON
SUFFIELD,SUFFIELD
SUNNYSIDE,SHELTON
TA'AGAN POINT,DANBURY
TACONIC,SALISBURY
TAFTSVILLE,NORWICH
TAFTVILLE,NORWICH
TALCOTTVILLE,VERNON
TALMADGE HILL,NEW CANAAN
TARIFFVILLE,SIMSBURY
TAYLOR CORNERS,NEW FAIRFIELD
TERMINAL,NEW HAVEN
TERRYVILLE,PLYMOUTH
THAMESVILLE,NORWICH
THE CEDARS,SALISBURY
THOMASTON,THOMASTON
THOMPSON,THOMPSON
THOMPSONVILLE,ENFIELD
TITICUS,RIDGEFIELD
TOILSOME HILL,BRIDGEPORT
TOKENEKE,DARIEN
TOLLAND,TOLLAND
TOLLES,PLYMOUTH
TONNINGTON,TORRINGTON
TOPSTONE,REDDING
TORRINGFORD,TORRINGTON
TORRINGTON,TORRINGTON
TOTOKET,NORTH BRANFORD
TOWANTIC,OXFORD
TOWN PLOT HILL,WATERBURY
TRACY,WALLINGFORD
TRUMBALL,TRUMBULL
TRUMBULL,TRUMBULL
TUNXIS HILL,FAIRFIELD
TURN OF RIVER,STAMFORD
TWIN LAKES,SALISBURY
TYLER CITY,ORANGE
TYLER LAKE HEIGHTS,GOSHEN
TYLERVILLE,HADDAM
UNCASVILLE,MONTVILLE
UNION,UNION
UNION CITY,NAUGATUCK
UNIONVILLE,FARMINGTON
UNITY PLAZA,HARTFORD
UPPER MERRYALL,NEW MILFORD
UPPER STEPNEY,MONROE
VERNON,VERNON
VERNON CENTER,VERNON
VERNON ROCKVILLE,VERNON
VERNON ROCKVL,VERNON
VERSAILLES,LISBON
VILLAGE HILL,LEBANON
VOLUNTOWN,VOLUNTOWN
W CORNWALL,CORNWALL
W GRANBY,GRANBY
W HARTFORD,WEST HARTFORD
W HARTFORT,WEST HARTFORD
W HAVEN,WEST HAVEN
W REDDING,REDDING
W SIMSBURY,SIMSBURY
W SUFFIELD,SUFFIELD
W. CORNWALL,CORNWALL
W. GRANBY,GRANBY
W. HARTFORD,WEST HARTFORD
W. HAVEN,WEST HAVEN
W. REDDING,REDDING
W. SIMSBURY,SIMSBURY
W. SUFFIELD,SUFFIELD
WALLIGFORD,WALLINGFORD
WALLINGFORD,WALLINGFORD
WALNUT BEACH,MILFORD
WAPPING,SOUTH WINDSOR
WAREHOUSE POINT,EAST WINDSOR
WARREN,WARREN
WARRENVILLE,ASHFORD
WASHIGHTON,WASHINGTON
WASHINGTON,WASHINGTON
WASHINGTON DEPOT,WASHINGTON
WASHINGTON DT,WASHINGTON
WATERBRUY,WATERBURY
WATERBURY,WATERBURY
WATERFORD,WATERFORD
WATERTOWN,WATERTOWN
WATERVILLE,WATERBURY
WAUREGAN,PLAINFIELD
WAUREGAN STATION,PLAINFIELD
WEATHERSFIELD,WETHERSFIELD
WEATOGUE,SIMSBURY
WELLES VILLAGE,GLASTONBURY
WELLSVILLE,NEW MILFORD
WENTOGUE,SIMSBURY
WEQUETEQUOCK,STONINGTON
WESLEYAN,MIDDLETOWN
WESPORT,WESTPORT
WEST,WESTBROOK
WEST ASHFORD,ASHFORD
WEST AVON,AVON
WEST CHESHIRE,CHESHIRE
WEST CHESTER,WEST HARTFORD
WEST CORNWALL,CORNWALL
WEST GOSHEN,GOSHEN
WEST GRANBY,GRANBY
WEST HADDAM,HADDAM
WEST HARTFORD,WEST HARTFORD
WEST HARTFPRD,WEST HARTFORD
WEST HARTFRD,WEST HARTFORD
WEST HARTLAND,HARTLAND
WEST HAVEN,WEST HAVEN
WEST HAVERFORD,WEST HARTFORD
WEST HTFD,WEST HARTFORD
WEST MORRIS,LITCHFIELD
WEST MYSTIC,GROTON
WEST NORFOLK,NORFOLK
WEST NORWALK,NORWALK
WEST REDDING,REDDING
WEST SHORE,WEST HAVEN
WEST SIDE HILL,WATERBURY
WEST SIMSBURY,SIMSBURY
WEST STAFFORD,STAFFORD
WEST SUFFIELD,SUFFIELD
WEST SUNBURY,SIMSBURY
WEST THOMPSON,THOMPSON
WEST TORRINGTON,TORRINGTON
WEST WAUREGAN,PLAINFIELD
WEST WILLINGTON,WILLINGTON
WEST WOODSTOCK,WOODSTOCK
WESTBROOK,WESTBROOK
WESTCHESTER,COLCHESTER
WESTFIELD,MIDDLETOWN
WESTFORD,ASHFORD
WESTMINSTER,CANTERBURY
WESTON,WESTON
WESTPORT,WESTPORT
WESTVIEW HEIGHTS,MIDDLEBURY
WESTVILLE,NEW HAVEN
WETHERFIELD,WETHERSFIELD
WETHERSFIELD,WETHERSFIELD
WETHERSIFIELD,WETHERSFIELD
WHIGVILLE,BURLINGTON
WHITE OAKS,SOUTHBURY
WHITE SANDS BEACH,OLD LYME
WHITNEYVILLE,HAMDEN
WILDERMERE BEACH,MILFORD
WILFORD,CORNWALL
WILLIMANTIC,WINDHAM
WILLINGTON,WILLINGTON
WILLINGTON HILL,WILLINGTON
WILLMANTIC,WINDHAM
WILSON,WINDSOR
WILSON'S POINT,NORWALK
WILSONVILLE,THOMPSON
WILTON,WILTON
WINCHESTER,WINCHESTER
WINCHESTER CENTER,WINCHESTER
WINCHESTR CTR,WINCHESTER
WINDEMERE VILLAGE,ELLINGTON
WINDHAM,WINDHAM
WINDSOR,WINDSOR
WINDSOR LOCKS,WINDSOR LOCKS
WINDSOR LOKS,WINDSOR LOCKS
WINDSORVILLE,EAST WINDSOR
WINNIPAUK,NORWALK
WINSTED,WINCHESTER
WINTHROP,DEEP RIVER
WITON,WILTON
WLLIMANTIC,WINDHAM
WOLCOTT,WOLCOTT
WOLEOTT,WOLCOTT
WOODBRIDGE,WOODBRIDGE
WOODBURY,WOODBURY
WOODMONT,MILFORD
WOODSTOCK,WOODSTOCK
WOODSTOCK VALLEY,WOODSTOCK
WOODSTOCK VLY,WOODSTOCK
WOODTICK,WOLCOTT
WOODVILLE,WASHINGTON
WORMWOOD HILL,MANSFIELD
WRIGHTVILLE,TORRINGTON
WTHERSFIELD,WETHERSIFIELD
YALE,NEW HAVEN
YALESVILLE,WALLINGFORD
YANTIC,NORWICH
ZOAR BRIDGE,OXFORD
NIANTIC,EAST LYME
E  HARTFORD,EAST HARTFORD
CHAPEL HILL,PLANTSVILLE
EAST LITCHFIELD,LITCHFIELD
EAST REDDING,REDDING
GROSVENORDALE,THOMPSON
MIDDLETOWN HQ,MIDDLETOWN
N GROSVENORDALE,THOMPSON
N. GROSVENORDALE,THOMPSON
NORTH HAMPTON,HAMPTON
NORTH SUFFIELD,SUFFIELD
OXFORD CENTER,OXFORD
REDDING CENTER,REDDING
WINDHAM CENTER,WINDHAM
